[{"model": "auth.user", "pk": 1, "fields": {"password": "pbkdf2_sha256$870000$GXXVO5SfcI0ShkE8fEzCw0$AcZw8iv4eGpR7DTD9frZQIYnnL2ZG9fimtdNaGmPUTc=", "last_login": null, "is_superuser": false, "username": "testuser", "first_name": "", "last_name": "", "email": "", "is_staff": false, "is_active": true, "date_joined": "2025-01-07T11:33:41.741Z", "groups": [], "user_permissions": []}}, {"model": "auth.user", "pk": 2, "fields": {"password": "pbkdf2_sha256$870000$jCwkpNURZwFfaws7Q1lGWB$1czkJe8q7Qbk+2pUANfLc/mlMAt3kYTQ5t81tFjEEU8=", "last_login": "2025-01-24T13:45:43.335Z", "is_superuser": false, "username": "NiallPierce", "first_name": "", "last_name": "", "email": "niallpierce92@hotmail.com", "is_staff": false, "is_active": true, "date_joined": "2025-01-19T13:44:24.910Z", "groups": [], "user_permissions": []}}, {"model": "sessions.session", "pk": "gm0ttgun1cnefhcbt6046633ivt8uaes", "fields": {"session_data": ".eJxVjEEOwiAQRe_C2hDKlEFcuvcMZGBGqRpISrsy3l2bdKHb_977LxVpXUpcu8xxYnVSVh1-t0T5IXUDfKd6azq3usxT0puid9r1pbE8z7v7d1Col2-dXYLgjkYEg0BIiDDikBL77I2FwGDYgCAQWcrMSIA-wNWLoyGPTr0_3G030g:1taG4C:VVqkw74ZotYJj0YlFu4uRb5p7Kj4b04E3-3CLS0USt4", "expire_date": "2025-02-04T15:21:24.904Z"}}, {"model": "sessions.session", "pk": "sgf8cqa1eqp8cy2r87oqzzljgagp1eq1", "fields": {"session_data": ".eJxVjEEOwiAQRe_C2hDKlEFcuvcMZGBGqRpISrsy3l2bdKHb_977LxVpXUpcu8xxYnVSVh1-t0T5IXUDfKd6azq3usxT0puid9r1pbE8z7v7d1Col2-dXYLgjkYEg0BIiDDikBL77I2FwGDYgCAQWcrMSIA-wNWLoyGPTr0_3G030g:1tbK0F:9w23b3_RPQYXTA60LZFgOE0_gRuq25eEpSXC62OCcHU", "expire_date": "2025-02-07T13:45:43.342Z"}}, {"model": "restaurant.restaurant", "pk": 8, "fields": {"name": "La Cucina Italiana", "address": "10 Colloseum Street", "description": "Authentic Italian cuisine in a cozy atmosphere", "opening_time": "12:00:00", "closing_time": "23:00:00", "capacity": 60, "contact_number": "01 888 1234", "email": "lacucina10@gmail.com"}}, {"model": "restaurant.restaurant", "pk": 9, "fields": {"name": "The Golden Dragon", "address": "456 Hong Kong Avenue", "description": "Contemporary Asian fusion with traditional flavors", "opening_time": "11:30:00", "closing_time": "22:30:00", "capacity": 80, "contact_number": "01 888 5678", "email": "goldendragon456@gmail.com"}}, {"model": "restaurant.restaurant", "pk": 10, "fields": {"name": "Le Petit Bistro", "address": "789 Maple Lane", "description": "Classic French cuisine in an elegant setting", "opening_time": "18:00:00", "closing_time": "23:00:00", "capacity": 40, "contact_number": "01 888 9012", "email": "lepetit789@gmail.com"}}, {"model": "restaurant.table", "pk": 1, "fields": {"restaurant": 8, "table_number": 1, "capacity": 4, "is_active": true}}, {"model": "restaurant.table", "pk": 2, "fields": {"restaurant": 8, "table_number": 2, "capacity": 4, "is_active": true}}, {"model": "restaurant.table", "pk": 3, "fields": {"restaurant": 8, "table_number": 3, "capacity": 4, "is_active": true}}, {"model": "restaurant.table", "pk": 4, "fields": {"restaurant": 8, "table_number": 4, "capacity": 4, "is_active": true}}, {"model": "restaurant.table", "pk": 5, "fields": {"restaurant": 8, "table_number": 5, "capacity": 4, "is_active": true}}, {"model": "restaurant.table", "pk": 6, "fields": {"restaurant": 8, "table_number": 6, "capacity": 4, "is_active": true}}, {"model": "restaurant.table", "pk": 7, "fields": {"restaurant": 8, "table_number": 7, "capacity": 6, "is_active": true}}, {"model": "restaurant.table", "pk": 8, "fields": {"restaurant": 8, "table_number": 8, "capacity": 6, "is_active": true}}, {"model": "restaurant.table", "pk": 9, "fields": {"restaurant": 8, "table_number": 9, "capacity": 6, "is_active": true}}, {"model": "restaurant.table", "pk": 10, "fields": {"restaurant": 8, "table_number": 10, "capacity": 6, "is_active": true}}, {"model": "restaurant.table", "pk": 11, "fields": {"restaurant": 9, "table_number": 1, "capacity": 6, "is_active": true}}, {"model": "restaurant.table", "pk": 12, "fields": {"restaurant": 9, "table_number": 2, "capacity": 6, "is_active": true}}, {"model": "restaurant.table", "pk": 13, "fields": {"restaurant": 9, "table_number": 3, "capacity": 6, "is_active": true}}, {"model": "restaurant.table", "pk": 14, "fields": {"restaurant": 9, "table_number": 4, "capacity": 6, "is_active": true}}, {"model": "restaurant.table", "pk": 15, "fields": {"restaurant": 9, "table_number": 5, "capacity": 6, "is_active": true}}, {"model": "restaurant.table", "pk": 16, "fields": {"restaurant": 9, "table_number": 6, "capacity": 6, "is_active": true}}, {"model": "restaurant.table", "pk": 17, "fields": {"restaurant": 9, "table_number": 7, "capacity": 6, "is_active": true}}, {"model": "restaurant.table", "pk": 18, "fields": {"restaurant": 9, "table_number": 8, "capacity": 8, "is_active": true}}, {"model": "restaurant.table", "pk": 19, "fields": {"restaurant": 9, "table_number": 9, "capacity": 8, "is_active": true}}, {"model": "restaurant.table", "pk": 20, "fields": {"restaurant": 9, "table_number": 10, "capacity": 8, "is_active": true}}, {"model": "restaurant.table", "pk": 21, "fields": {"restaurant": 9, "table_number": 11, "capacity": 8, "is_active": true}}, {"model": "restaurant.table", "pk": 22, "fields": {"restaurant": 9, "table_number": 12, "capacity": 8, "is_active": true}}, {"model": "restaurant.table", "pk": 23, "fields": {"restaurant": 10, "table_number": 1, "capacity": 2, "is_active": true}}, {"model": "restaurant.table", "pk": 24, "fields": {"restaurant": 10, "table_number": 2, "capacity": 2, "is_active": true}}, {"model": "restaurant.table", "pk": 25, "fields": {"restaurant": 10, "table_number": 3, "capacity": 2, "is_active": true}}, {"model": "restaurant.table", "pk": 26, "fields": {"restaurant": 10, "table_number": 4, "capacity": 2, "is_active": true}}, {"model": "restaurant.table", "pk": 27, "fields": {"restaurant": 10, "table_number": 5, "capacity": 4, "is_active": true}}, {"model": "restaurant.table", "pk": 28, "fields": {"restaurant": 10, "table_number": 6, "capacity": 4, "is_active": true}}, {"model": "restaurant.table", "pk": 29, "fields": {"restaurant": 10, "table_number": 7, "capacity": 4, "is_active": true}}, {"model": "restaurant.table", "pk": 30, "fields": {"restaurant": 10, "table_number": 8, "capacity": 4, "is_active": true}}, {"model": "restaurant.booking", "pk": 3, "fields": {"user": 2, "restaurant": 8, "table": null, "time_slot": null, "date": "2025-01-20", "time": "18:00:00", "number_of_guests": 2, "special_requests": "Anniversary", "status": "cancelled", "created_at": "2025-01-19T15:07:53.888Z", "updated_at": "2025-01-21T15:21:38.053Z"}}, {"model": "restaurant.menuitem", "pk": 2, "fields": {"name": "Margherita Pizza", "description": "Fresh tomatoes, mozzarella, basil, and olive oil", "price": "14.99", "restaurant": 8}}, {"model": "restaurant.menuitem", "pk": 3, "fields": {"name": "Fettuccine Alfredo", "description": "Homemade pasta in creamy parmesan sauce", "price": "16.99", "restaurant": 8}}, {"model": "restaurant.menuitem", "pk": 4, "fields": {"name": "Osso Buco", "description": "Braised veal shanks with gremolata", "price": "28.99", "restaurant": 8}}, {"model": "restaurant.menuitem", "pk": 5, "fields": {"name": "Tiramisu", "description": "Classic Italian coffee-flavored dessert", "price": "8.99", "restaurant": 8}}, {"model": "restaurant.menuitem", "pk": 6, "fields": {"name": "Caprese Salad", "description": "Fresh mozzarella, tomatoes, and basil", "price": "10.99", "restaurant": 8}}, {"model": "restaurant.menuitem", "pk": 7, "fields": {"name": "Dim Sum Platter", "description": "Assorted steamed dumplings", "price": "18.99", "restaurant": 9}}, {"model": "restaurant.menuitem", "pk": 8, "fields": {"name": "Peking Duck", "description": "Whole roasted duck with pancakes and hoisin sauce", "price": "32.99", "restaurant": 9}}, {"model": "restaurant.menuitem", "pk": 9, "fields": {"name": "Kung Pao Chicken", "description": "Spicy diced chicken with peanuts and vegetables", "price": "16.99", "restaurant": 9}}, {"model": "restaurant.menuitem", "pk": 10, "fields": {"name": "Green Tea Ice Cream", "description": "Homemade matcha ice cream", "price": "6.99", "restaurant": 9}}, {"model": "restaurant.menuitem", "pk": 11, "fields": {"name": "Spring Rolls", "description": "Crispy vegetables rolls with sweet chili sauce", "price": "8.99", "restaurant": 9}}, {"model": "restaurant.menuitem", "pk": 12, "fields": {"name": "Coq au Vin", "description": "Braised chicken in red wine sauce", "price": "24.99", "restaurant": 10}}, {"model": "restaurant.menuitem", "pk": 13, "fields": {"name": "French Onion Soup", "description": "Traditional onion soup with gruyere cheese", "price": "11.99", "restaurant": 10}}, {"model": "restaurant.menuitem", "pk": 14, "fields": {"name": "Beef Bourguignon", "description": "Slow-cooked beef stew in red wine", "price": "27.99", "restaurant": 10}}, {"model": "restaurant.menuitem", "pk": 15, "fields": {"name": "Crème Brûlée", "description": "Classic vanilla custard with caramelized sugar", "price": "9.99", "restaurant": 10}}, {"model": "restaurant.menuitem", "pk": 16, "fields": {"name": "Escargots", "description": "Burgundy snails in garlic herb butter", "price": "15.99", "restaurant": 10}}]